id;name;dni;adress;email;picture;picture_content_type
1;Brunei withdrawal;"33207765F";transition Account;"ftnT@#iPzmD.t2,md";../fake-data/blob/hipster.png;image/png
2;Representante Coche;"96760606N";Salchichas;"rKj&@ah,S2.9";../fake-data/blob/hipster.png;image/png
3;Bedfordshire Extremadura;"32755334Y";mindshare Etiopía;"w<@7.Lo";../fake-data/blob/hipster.png;image/png
4;Inversor Bedfordshire HTTP;"98095962F";networks Timor-Leste;"5k4&a@/.LDN\qs";../fake-data/blob/hipster.png;image/png
5;innovadora Niger wireless;"17120380G";leverage;"OwOMh=@q.ru(i";../fake-data/blob/hipster.png;image/png
6;digital Granito;"82675756N";analizada;"hF$$S@RJ.i8";../fake-data/blob/hipster.png;image/png
7;SQL Mobilidad Borders;"92937949D";Joyería Manat;"T@5sD.5aV#";../fake-data/blob/hipster.png;image/png
8;SabrosoXXX;"86745828A";Decoración digital Algodón;";ITA\@.5^.d-/-j,";../fake-data/blob/hipster.png;image/png
9;Práctico Granada;"04415782Y";virtual generate magnetic;">@)cR.A~tS4o";../fake-data/blob/hipster.png;image/png
10;SMS instalación;"26631554P";Verde Madagascar repurpose;"U@9.v";../fake-data/blob/hipster.png;image/png
