id;name;dni;adress;email;horas_vuelo;picture;picture_content_type
1;killerXXXX;"49899166M";array sensor virtual;"^''Z,@f?.]";71398;../fake-data/blob/hipster.png;image/png
2;Gris Somalia ADP;"68983981H";user-centric Ladrillo;"D)@(&._j+?x";73910;../fake-data/blob/hipster.png;image/png
3;Jardines Hogar;"91531225G";Rojo;"3h@3.6K.S";64099;../fake-data/blob/hipster.png;image/png
4;MúsicaXXXX;"86612661E";Decoración Avon;"-0R~x@EPkd.)L,bB";42109;../fake-data/blob/hipster.png;image/png
5;deposit Consultor;"95369219T";one-to-one Librería Account;"BZ7eY[@T<,<#u.W";45761;../fake-data/blob/hipster.png;image/png
6;BoliviaXXX;"45532271V";Asociado;")@Ag.6'.!%k";65325;../fake-data/blob/hipster.png;image/png
7;Valenciana nivel;"82175545J";Dinánmico software Aragón;"j@Q&k_z>.~KbP";64319;../fake-data/blob/hipster.png;image/png
8;Hogar Respuesta;"03658311Z";Ergonómico Valenciana Mesa;"-p@DD._0P";20799;../fake-data/blob/hipster.png;image/png
9;GrupoXXXXX;"79790690G";cultivate Usabilidad;"[;K-@*;/Ip.4P";39149;../fake-data/blob/hipster.png;image/png
10;Pescado efficient;"37515965W";Pescado Avon;"p}+}C@C+g.:(+D&!";16784;../fake-data/blob/hipster.png;image/png
